pair,rank,lowrank_p1,ortho_p1,linear_ls_p1
en-de,1,0.0,0.9328,0.666
en-de,2,0.0,0.9328,0.666
en-de,4,0.0049,0.9328,0.666
en-de,8,0.0059,0.9328,0.666
en-de,16,0.0049,0.9328,0.666
en-de,32,0.0099,0.9328,0.666
en-de,64,0.0514,0.9328,0.666
en-de,128,0.1917,0.9328,0.666
en-de,256,0.4585,0.9328,0.666
en-de,512,0.6581,0.9328,0.666
en-de,768,0.668,0.9328,0.666
en-ru,1,0.0,0.8389,0.3696
en-ru,2,0.001,0.8389,0.3696
en-ru,4,0.001,0.8389,0.3696
en-ru,8,0.003,0.8389,0.3696
en-ru,16,0.004,0.8389,0.3696
en-ru,32,0.0099,0.8389,0.3696
en-ru,64,0.0267,0.8389,0.3696
en-ru,128,0.0879,0.8389,0.3696
en-ru,256,0.2115,0.8389,0.3696
en-ru,512,0.3488,0.8389,0.3696
en-ru,768,0.3696,0.8389,0.3696
en-ar,1,0.0,0.5593,0.164
en-ar,2,0.001,0.5593,0.164
en-ar,4,0.002,0.5593,0.164
en-ar,8,0.002,0.5593,0.164
en-ar,16,0.004,0.5593,0.164
en-ar,32,0.0099,0.5593,0.164
en-ar,64,0.0356,0.5593,0.164
en-ar,128,0.0642,0.5593,0.164
en-ar,256,0.1166,0.5593,0.164
en-ar,512,0.1542,0.5593,0.164
en-ar,768,0.1542,0.5593,0.164
en-pt,1,0.002,0.9565,0.6848
en-pt,2,0.002,0.9565,0.6848
en-pt,4,0.001,0.9565,0.6848
en-pt,8,0.0049,0.9565,0.6848
en-pt,16,0.0099,0.9565,0.6848
en-pt,32,0.0217,0.9565,0.6848
en-pt,64,0.0672,0.9565,0.6848
en-pt,128,0.1986,0.9565,0.6848
en-pt,256,0.504,0.9565,0.6848
en-pt,512,0.6907,0.9565,0.6848
en-pt,768,0.7065,0.9565,0.6848
