controller,shift,mean,std
dsv,translation,1.0000,0.0000
dsv,rotation,0.1035,0.1460
dsv,both,0.1035,0.1460
matrix,translation,1.0000,0.0000
matrix,rotation,0.1035,0.1460
matrix,both,0.1035,0.1460
gated,translation,1.0000,0.0000
gated,rotation,0.2662,0.2470
gated,both,0.1908,0.1920
mixture,translation,1.0000,0.0000
mixture,rotation,0.6905,0.2884
mixture,both,0.4628,0.3544
lowrank,translation,1.0000,0.0000
lowrank,rotation,1.0000,0.0000
lowrank,both,1.0000,0.0000
ortho,translation,1.0000,0.0000
ortho,rotation,1.0000,0.0000
ortho,both,1.0000,0.0000
affine,translation,1.0000,0.0000
affine,rotation,1.0000,0.0000
affine,both,1.0000,0.0000
